Posicion,Empresa,Salario,Ubicacion,Fecha de publicacion,Sitio
Full Stack React Engineer,Dock,💰 $70k - $120k,🌏 Worldwide,2021-11-30T15:48:47+00:00,https://remoteok.com
Senior API Engineer,Colabra,💰 $60k - $120k,🌏 Worldwide,2021-11-29T16:59:58+00:00,https://remoteok.com
Multiple JavaScript Developer Positions,White Sand,💰 $40k - $100k,🌏 Worldwide,2021-11-24T17:44:54+00:00,https://remoteok.com
Senior Backend Engineer,Limbic,💰 $60k - $120k,Gmt +/- 3,2021-11-24T16:26:04+00:00,https://remoteok.com
Cloud Consultant,Amazon Web Services,💰 $120k - $200k,🇺🇸 US,2021-11-20T12:16:12+00:00,https://remoteok.com
Executive Assistant India,SpaceX,💰 $55k - $75k*,Remote in Mumbai,2021-11-19T16:08:52+00:00,https://remoteok.com
Counsel Employment & Litigation,Blockchain.com,💰 $40k - $68k*,"Sf/miami, Remote",2021-11-16T18:32:19+00:00,https://remoteok.com
Instructional Designer,Peloton,💰 $38k - $173k*,"Plano, Texas, United States",2021-11-15T19:15:59+00:00,https://remoteok.com
Lead Backend Developer,OperateBeyond,💰 $70k - $150k,🌏 Worldwide,2021-11-12T17:11:24+00:00,https://remoteok.com
Engineering Manager Compute Segment,Twilio,💰 $140k - $210k,"San Francisco, California, United States",2021-11-10T19:32:37+00:00,https://remoteok.com
Senior Data Analyst,Komoot,💰 $60k - $100k*,"Europe, Africa",2021-11-09T09:08:15+00:00,https://remoteok.com
Senior Software Engineer Netflix API Runtime,Netflix,💰 $60k - $110k*,🇺🇸 US,2021-11-03T13:10:53+00:00,https://remoteok.com
Technical Support Engineer,Cloudflare,💰 $60k - $90k,US - PDT Timezone,2021-11-02T21:36:45+00:00,https://remoteok.com
Engineering Manager,Nebulab,💰 $70k - $100k*,🌏 Worldwide,2021-11-05T13:31:05+00:00,https://remoteok.com
Ruby on Rails Engineer,Nebulab,💰 $60k - $120k*,🌏 Worldwide,2021-11-18T00:00:22+00:00,https://remoteok.com
Senior Backend Developer,Lufthansa Innovation Hub,💰 $90k - $120k,🌏 Worldwide,2021-11-24T20:25:47+00:00,https://remoteok.com
Senior Software Engineer,Duet,💰 $100k - $180k,🌏 Worldwide,2021-11-06T00:00:26+00:00,https://remoteok.com
Senior Frontend Engineer,Iterative,💰 $60k - $100k*,🌏 Worldwide,2021-11-07T21:27:00+00:00,https://remoteok.com
Senior Systems Engineer,Iterative,💰 $100k - $200k,🌏 Worldwide,2021-11-07T21:27:20+00:00,https://remoteok.com
Education Associate Video Producer,Bubble,💰 $60k - $80k,🇺🇸 US,2021-11-30T18:21:47+00:00,https://remoteok.com
Senior Full Stack Developer,Sherbet,💰 $90k - $100k,🌏 Worldwide,2021-11-30T08:21:59+00:00,https://remoteok.com
Marketing Operations Manager,Greenback Expat Tax Services,💰 $80k - $100k,🌏 Worldwide,2021-11-30T05:02:32+00:00,https://remoteok.com
Customer Support Champion,Greenback Expat Tax Services,💰 $30k - $60k,🌏 Worldwide,2021-11-30T03:22:28+00:00,https://remoteok.com
Senior Full Stack Developer Phoenix Rails,SignTracker,💰 $100k - $120k,Remote in the Americas or Europe,2021-11-30T02:19:08+00:00,https://remoteok.com
Full Stack Software Engineer,800.com,💰 $100k - $120k,Remote in the United States,2021-11-30T02:01:02+00:00,https://remoteok.com
Paid Media Director,LooseGrip﻿,💰 $100k - $120k,"Remote in the United States, South America, or Europe",2021-11-30T01:16:18+00:00,https://remoteok.com
Web Developer,TrendyMinds,💰 $70k - $100k,🌏 Worldwide,2021-11-29T20:35:31+00:00,https://remoteok.com
Product Designer,Immunefi,💰 $60k - $120k,🌏 Worldwide,2021-11-29T20:04:09+00:00,https://remoteok.com
Co Founder Web3 Social Media,Gemmy,💰 $0k - $150k,🌏 Worldwide,2021-11-29T19:05:51+00:00,https://remoteok.com
AWS Cloud Developer,Digital Mosaic,💰 $80k - $110k,🌏 Worldwide,2021-11-29T15:29:04+00:00,https://remoteok.com
Contract Software Developer,ChangeLab,💰 $100k - $150k,Europe (+/- 3 Hours Gmt),2021-11-29T15:28:03+00:00,https://remoteok.com
Python Developer,Ampcontrol.io,💰 $40k - $140k,🌏 Worldwide,2021-11-29T14:11:52+00:00,https://remoteok.com
Frontend React Developer,Ampcontrol.io,💰 $40k - $140k,🌏 Worldwide,2021-11-29T14:04:35+00:00,https://remoteok.com
Senior Android Developer,ReadyTal,💰 $40k - $100k,🌏 Worldwide,2021-11-29T12:49:37+00:00,https://remoteok.com
Senior iOS Developer,"ReadyTal, Inc",💰 $40k - $100k,🌏 Worldwide,2021-11-29T12:36:15+00:00,https://remoteok.com
Frontend Developer,N3O,💰 $50k - $80k,United Kingdom,2021-11-29T10:34:53+00:00,https://remoteok.com
Senior Full Stack Developer,Virti,💰 $80k - $130k,United Kingdom,2021-11-29T10:11:14+00:00,https://remoteok.com
Data Operations Manager,BenchSci,💰 $70k - $100k*,"Toronto, Ontario",2021-11-30T21:00:03+00:00,https://remoteok.com
Engineering Manager,Teamshares,💰 $70k - $110k*,"Brooklyn, NY",2021-11-30T21:00:01+00:00,https://remoteok.com
Product Designer,WorkOS,💰 $60k - $110k*,USA Timezones,2021-11-30T19:00:01+00:00,https://remoteok.com
Principal Developer,UK Home Office,💰 $70k - $120k*,"London, England, United Kingdom",2021-11-30T11:14:45+00:00,https://remoteok.com
Data Engineer,VIOOH,💰 $70k - $113k*,🇺🇸 US,2021-11-30T08:23:24+00:00,https://remoteok.com
Senior Windows System Adminstrator,Nortridge Software,💰 $65k - $100k*,🇪🇺 EU,2021-11-30T04:04:34+00:00,https://remoteok.com
Product Marketing Manager,Bloomreach,💰 $70k - $120k*,🌏 Worldwide,2021-11-30T01:20:06+00:00,https://remoteok.com
Senior Software Engineer,Ferrum Health,💰 $60k - $110k*,🌏 Worldwide,2021-11-30T00:15:05+00:00,https://remoteok.com
Middle Angular Developer,KnowL solutions,💰 $58k - $83k*,🌏 Worldwide,2021-11-29T11:20:09+00:00,https://remoteok.com
Accounting Manager,Mapbox,💰 $70k - $120k*,"Vancouver, British Columbia",2021-11-29T07:30:03+00:00,https://remoteok.com
Webcontainer Systems Engineer,StackBlitz,💰 $120k - $140k,San Francisco,2021-11-29T01:00:03+00:00,https://remoteok.com
Technical Architect JavaScript PHP,Blenderbox,💰 $50k - $70k,"Boston, Massachusetts, United States",2021-11-27T00:00:30+00:00,https://remoteok.com
Frontend Engineer,Spreaker,💰 $120k - $200k,"Dublin, Dublin, Ireland",2021-11-24T14:00:23+00:00,https://remoteok.com
Senior Frontend Engineer,Carted,💰 $100k - $200k,"New York City, New York, United States",2021-11-24T00:20:14+00:00,https://remoteok.com
Machine Learning Engineer,Carted,💰 $120k - $300k,"San Francisco, California, United States",2021-11-24T00:19:22+00:00,https://remoteok.com
Software Engineer,LoanCrate,💰 $100k - $200k,"Phoenix, Arizona, United States",2021-11-23T00:00:25+00:00,https://remoteok.com
Senior Software Engineer Go,Carted,💰 $60k - $110k*,"Dublin, Ireland",2021-11-23T00:00:07+00:00,https://remoteok.com
Software Development Manager,Klue,💰 $40k - $68k*,"Denver, Colorado, United States",2021-11-28T06:00:03+00:00,https://remoteok.com
Virtual Estate Planning & Probate Paralegal,Equivity,💰 $70k - $100k*,"Redwood City, CA (Open to Remote)",2021-11-26T23:15:03+00:00,https://remoteok.com
Lead Apparel Designer,Metafy,💰 $70k - $110k*,"Redwood City, California, United States",2021-11-26T23:00:05+00:00,https://remoteok.com
Senior Manager Payments,Remote,💰 $70k - $110k*,Latin America,2021-11-25T15:35:03+00:00,https://remoteok.com
Director of Engineering,Dataminr,💰 $70k - $100k*,+- 4 Hours CET,2021-11-25T15:10:04+00:00,https://remoteok.com
Product Merchandise Manager,Diamond Foundry,💰 $65k - $95k*,Remote (Gmt +3/-3),2021-11-25T12:45:05+00:00,https://remoteok.com
Associate Solutions Consultant,Workato,💰 $55k - $94k*,🌏 Worldwide,2021-11-25T04:25:03+00:00,https://remoteok.com
Financial Crimes Specialist AML,NorthOne,💰 $70k - $120k*,Cet,2021-11-24T23:50:05+00:00,https://remoteok.com
Senior Software Engineer Infrastructure,Skilljar,💰 $70k - $100k*,🇪🇺 EU,2021-11-24T23:40:05+00:00,https://remoteok.com
Research Scientist Computer Vision,Dataminr,💰 $70k - $120k*,"Americas, Europe",2021-11-24T20:40:03+00:00,https://remoteok.com
Product Manager Sendgrid Console,Twilio,💰 $70k - $100k*,🇪🇺 EU,2021-11-24T19:35:06+00:00,https://remoteok.com
Senior Golang Software Engineer,Humn.ai,💰 $60k - $110k*,Americas,2021-11-24T18:15:03+00:00,https://remoteok.com
Product Manager Imaging,Chan Zuckerberg Initiative,💰 $60k - $110k*,🇺🇸 US,2021-11-24T14:59:16+00:00,https://remoteok.com
Java Developer,Systems Engineering Solutions Corporation,💰 $50k - $70k,🌏 Worldwide,2021-11-24T14:33:43+00:00,https://remoteok.com
Principle Software Developer Shasta Science,Chan Zuckerberg Initiative,💰 $50k - $70k,"Usa, Uk",2021-11-24T11:05:03+00:00,https://remoteok.com
Node JavaScript Developer,Flyp,💰 $60k - $100k,🌏 Worldwide,2021-11-22T20:38:15+00:00,https://remoteok.com
Senior Full Stack Developer Ruby React,GOhiring,💰 $70k - $130k,🇺🇸 US,2021-11-20T00:00:19+00:00,https://remoteok.com
