,Posicion,Empresa,Salario,Ubicacion,Fecha de publicacion,URL de la vacante,Home URL,Nombre del Sitio
0,Data Scientist Marketing,Figma,ğŸ’° $60k - $100k*,San Francisco or New York or Remote US,2021-12-01T17:38:07+00:00,https://remoteok.com//l/107477,https://remoteok.com,REMOTEOK
1,Senior API Engineer,Colabra,ğŸ’° $60k - $120k,ğŸŒ Worldwide,2021-11-29T16:59:58+00:00,https://remoteok.com//l/107437,https://remoteok.com,REMOTEOK
2,Cloud Consultant,Amazon Web Services,ğŸ’° $120k - $200k,ğŸ‡ºğŸ‡¸ US,2021-11-20T12:16:12+00:00,https://remoteok.com//l/107279,https://remoteok.com,REMOTEOK
3,Executive Assistant India,SpaceX,ğŸ’° $55k - $75k*,Remote in Mumbai,2021-11-19T16:08:52+00:00,https://remoteok.com//l/107282,https://remoteok.com,REMOTEOK
4,Counsel Employment & Litigation,Blockchain.com,ğŸ’° $40k - $70k*,"Sf/miami, Remote",2021-11-16T18:32:19+00:00,https://remoteok.com//l/107190,https://remoteok.com,REMOTEOK
5,Instructional Designer,Peloton,ğŸ’° $38k - $173k*,"Plano, Texas, United States",2021-11-15T19:15:59+00:00,https://remoteok.com//l/107212,https://remoteok.com,REMOTEOK
6,Lead Backend Developer,OperateBeyond,ğŸ’° $70k - $150k,ğŸŒ Worldwide,2021-11-12T17:11:24+00:00,https://remoteok.com//l/107188,https://remoteok.com,REMOTEOK
7,Engineering Manager Compute Segment,Twilio,ğŸ’° $140k - $210k,"San Francisco, California, United States",2021-11-10T19:32:37+00:00,https://remoteok.com//l/107121,https://remoteok.com,REMOTEOK
8,Senior Data Analyst,Komoot,ğŸ’° $60k - $100k*,"Europe, Africa",2021-11-09T09:08:15+00:00,https://remoteok.com//l/107049,https://remoteok.com,REMOTEOK
9,Engineering Manager,Nebulab,ğŸ’° $70k - $100k*,ğŸŒ Worldwide,2021-11-05T13:31:05+00:00,https://remoteok.com//l/106409,https://remoteok.com,REMOTEOK
10,Ruby on Rails Engineer,Nebulab,ğŸ’° $60k - $120k*,ğŸŒ Worldwide,2021-11-18T00:00:22+00:00,https://remoteok.com//l/106048,https://remoteok.com,REMOTEOK
11,Senior Software Engineer,Duet,ğŸ’° $100k - $180k,ğŸŒ Worldwide,2021-11-06T00:00:26+00:00,https://remoteok.com//l/104454,https://remoteok.com,REMOTEOK
12,Senior Frontend Engineer,Iterative,ğŸ’° $60k - $100k*,ğŸŒ Worldwide,2021-11-07T21:27:00+00:00,https://remoteok.com//l/102909,https://remoteok.com,REMOTEOK
13,Senior Systems Engineer,Iterative,ğŸ’° $100k - $200k,ğŸŒ Worldwide,2021-11-07T21:27:20+00:00,https://remoteok.com//l/99244,https://remoteok.com,REMOTEOK
14,Senior Software Engineer Web Application,Athenian,ğŸ’° $60k - $80k,Utc-3 -- Uct+3,2021-12-03T17:06:18+00:00,https://remoteok.com//l/107534,https://remoteok.com,REMOTEOK
15,Full Stack Typescript Senior Developer,Botmind,ğŸ’° $50k - $60k,ğŸ‡ªğŸ‡º EU,2021-12-03T14:16:05+00:00,https://remoteok.com//l/107531,https://remoteok.com,REMOTEOK
16,Work From Home Customer Support,Omni Interactions,ğŸ’° $20k - $30k,ğŸ‡ºğŸ‡¸ US,2021-12-03T00:00:13+00:00,https://remoteok.com//l/104383,https://remoteok.com,REMOTEOK
17,Full Stack Developer,Penji,ğŸ’° $60k - $100k,ğŸŒ Worldwide,2021-12-02T23:23:54+00:00,https://remoteok.com//l/107524,https://remoteok.com,REMOTEOK
18,Senior Full Stack Engineer,Virtual Pricing Director,ğŸ’° $100k - $130k,Uk,2021-12-02T15:36:19+00:00,https://remoteok.com//l/107520,https://remoteok.com,REMOTEOK
19,Senior Backend Engineer,Intent Technologies,ğŸ’° $80k - $110k,ğŸ‡ªğŸ‡º EU,2021-12-02T15:16:28+00:00,https://remoteok.com//l/107519,https://remoteok.com,REMOTEOK
20,Senior Product Designer,TheyDo,ğŸ’° $70k - $90k,Cet +/-2,2021-12-02T08:51:09+00:00,https://remoteok.com//l/107513,https://remoteok.com,REMOTEOK
21,Software Engineer Backend,bit.io,ğŸ’° $110k - $170k,The Americas,2021-12-02T00:24:54+00:00,https://remoteok.com//l/106961,https://remoteok.com,REMOTEOK
22,C# .NET Web Developer,HappyPorch,ğŸ’° $30k - $40k,Remote in Africa or Europe,2021-12-02T00:07:16+00:00,https://remoteok.com//l/107502,https://remoteok.com,REMOTEOK
23,Android Software Engineer,Oviva,ğŸ’° $60k - $110k*,Berlin,2021-12-03T16:50:06+00:00,https://remoteok.com//l/107533,https://remoteok.com,REMOTEOK
24,VP People,Andela,ğŸ’° $60k - $140k*,"Boston, Massachusetts, United States",2021-12-03T14:55:03+00:00,https://remoteok.com//l/107532,https://remoteok.com,REMOTEOK
25,Data Scientist Mediaguard,HUMAN,ğŸ’° $60k - $100k*,United Kingdom,2021-12-03T11:00:03+00:00,https://remoteok.com//l/107530,https://remoteok.com,REMOTEOK
26,Data Science Manager Marketing,Cameo,ğŸ’° $70k - $110k*,"Chicago, Illinois, United States",2021-12-02T20:30:03+00:00,https://remoteok.com//l/107523,https://remoteok.com,REMOTEOK
27,Senior Product Manager,Altruistiq,ğŸ’° $70k - $100k*,London,2021-12-02T12:00:04+00:00,https://remoteok.com//l/107516,https://remoteok.com,REMOTEOK
28,Product Manager,Codecov,ğŸ’° $45k - $65k*,Sofia,2021-12-02T12:00:02+00:00,https://remoteok.com//l/107515,https://remoteok.com,REMOTEOK
29,Sales Administrative Support,Taxi Butler,ğŸ’° $60k - $100k*,"Denver, Colorado, United States",2021-12-02T11:55:05+00:00,https://remoteok.com//l/107514,https://remoteok.com,REMOTEOK
30,Backend Developer,eLearning Industry,ğŸ’° $65k - $110k*,"Seattle, Washington, United States",2021-12-02T11:23:26+00:00,https://remoteok.com//l/107518,https://remoteok.com,REMOTEOK
31,Backend Engineer,Secfi,ğŸ’° $70k - $100k*,"Vancouver, BC",2021-12-02T11:20:14+00:00,https://remoteok.com//l/107517,https://remoteok.com,REMOTEOK
32,Leadership Benefits Operations,Gusto,ğŸ’° $70k - $110k*,Remote - USA,2021-12-02T05:20:05+00:00,https://remoteok.com//l/107510,https://remoteok.com,REMOTEOK
33,Senior Manager IT,Angi,ğŸ’° $70k - $120k*,Farmington Hills or US Only,2021-12-02T05:20:03+00:00,https://remoteok.com//l/107509,https://remoteok.com,REMOTEOK
34,Senior Product Designer,Dooly,ğŸ’° $70k - $120k*,"Toronto, Canada",2021-12-02T05:00:03+00:00,https://remoteok.com//l/107508,https://remoteok.com,REMOTEOK
35,Senior Cloud Architect,Dragos Inc.,ğŸ’° $70k - $110k*,Remote- Latam,2021-12-02T05:00:01+00:00,https://remoteok.com//l/107507,https://remoteok.com,REMOTEOK
36,Product Designer,Mango Languages,ğŸ’° $50k - $80k*,"SÃ£o Paulo, SP",2021-12-02T03:00:03+00:00,https://remoteok.com//l/107506,https://remoteok.com,REMOTEOK
37,Senior Manager Technical Project Management,Loblaw Digital,ğŸ’° $60k - $140k*,ğŸ‡ºğŸ‡¸ US,2021-12-02T02:55:04+00:00,https://remoteok.com//l/107505,https://remoteok.com,REMOTEOK
38,Human Resources Generalist,Very,ğŸ’° $80k - $100k,United Kingdom,2021-12-02T02:00:05+00:00,https://remoteok.com//l/107504,https://remoteok.com,REMOTEOK
39,Data Scientist,CloudWalk,ğŸ’° $80k - $130k,ğŸ‡ºğŸ‡¸ US,2021-12-02T00:00:05+00:00,https://remoteok.com//l/107501,https://remoteok.com,REMOTEOK
40,Software Engineer,GeoComm,ğŸ’° $120k - $140k,Remote Position,2021-12-01T20:18:18+00:00,https://remoteok.com//l/107493,https://remoteok.com,REMOTEOK
41,Senior Full Stack Developer,Virti,ğŸ’° $60k - $110k*,San Francisco or New York or Remote US,2021-11-29T10:11:14+00:00,https://remoteok.com//l/106882,https://remoteok.com,REMOTEOK
42,Technical Architect JavaScript PHP,Blenderbox,ğŸ’° $70k - $100k*,"New York, New York",2021-11-27T00:00:30+00:00,https://remoteok.com//l/106115,https://remoteok.com,REMOTEOK
43,Software Engineer,FieldRoutes,ğŸ’° $70k - $100k*,"Winston-Salem, North Carolina, United States",2021-12-01T23:45:10+00:00,https://remoteok.com//l/107503,https://remoteok.com,REMOTEOK
44,Payment Operations Associate,MainStreet,ğŸ’° $65k - $100k*,"Denver, CO",2021-12-01T23:00:05+00:00,https://remoteok.com//l/107500,https://remoteok.com,REMOTEOK
45,Motion Graphics Designer,Scott's Cheap Flights,ğŸ’° $55k - $85k*,Pune,2021-12-01T23:00:04+00:00,https://remoteok.com//l/107499,https://remoteok.com,REMOTEOK
46,User Growth Manager,Figma,ğŸ’° $70k - $100k*,Remote - US,2021-12-01T23:00:03+00:00,https://remoteok.com//l/107498,https://remoteok.com,REMOTEOK
47,Director Customer Success,Caroo,ğŸ’° $60k - $110k*,Anywhere,2021-12-01T22:00:03+00:00,https://remoteok.com//l/107497,https://remoteok.com,REMOTEOK
48,Enterprise Account Manager US,Rock Content,ğŸ’° $60k - $110k*,"SÃ£o Paulo, SP",2021-12-01T22:00:01+00:00,https://remoteok.com//l/107496,https://remoteok.com,REMOTEOK
49,Wordpress Developer,Small Planet Digital,ğŸ’° $70k - $120k*,Warszawa,2021-12-01T20:51:23+00:00,https://remoteok.com//l/107494,https://remoteok.com,REMOTEOK
50,Senior Software Engineer Front End,Ad Hoc Team,ğŸ’° $60k - $110k*,"Madison, WI - HQ",2021-12-01T20:00:06+00:00,https://remoteok.com//l/107492,https://remoteok.com,REMOTEOK
51,Backend Golang Engineer,WalletConnect,ğŸ’° $45k - $80k*,ğŸ‡ºğŸ‡¸ US,2021-12-01T19:15:03+00:00,https://remoteok.com//l/107488,https://remoteok.com,REMOTEOK
52,Full Stack Software Engineer,Clarity Innovations,ğŸ’° $50k - $80k*,ğŸŒ Worldwide,2021-12-01T18:58:33+00:00,https://remoteok.com//l/107489,https://remoteok.com,REMOTEOK
53,Marketing Operations Coordinator,eXp World Holdings,ğŸ’° $70k - $120k*,ğŸŒ Worldwide,2021-12-01T18:40:04+00:00,https://remoteok.com//l/107487,https://remoteok.com,REMOTEOK
54,Video Editor,BDG,ğŸ’° $68k - $113k*,ğŸŒ Worldwide,2021-12-01T17:00:01+00:00,https://remoteok.com//l/107486,https://remoteok.com,REMOTEOK
55,Senior Engineer Quality Assurance JR 212015,ICE Mortgage Technology,ğŸ’° $60k - $100k*,ğŸŒ Worldwide,2021-12-01T16:05:05+00:00,https://remoteok.com//l/107485,https://remoteok.com,REMOTEOK
56,Motion Graphics Designer Video Producer,AppOnboard,ğŸ’° $70k - $110k*,Latin America,2021-12-01T16:00:03+00:00,https://remoteok.com//l/107484,https://remoteok.com,REMOTEOK
57,Creative Marketing Designer,MindsDB,ğŸ’° $65k - $130k*,+- 4 Hours CET,2021-12-01T15:00:03+00:00,https://remoteok.com//l/107483,https://remoteok.com,REMOTEOK
58,Product Designer,Compound,ğŸ’° $60k - $100k*,Remote (Gmt +3/-3),2021-12-01T14:00:01+00:00,https://remoteok.com//l/107482,https://remoteok.com,REMOTEOK
59,Engineering Manager,HealthSherpa,ğŸ’° $70k - $110k*,ğŸŒ Worldwide,2021-12-01T13:00:03+00:00,https://remoteok.com//l/107481,https://remoteok.com,REMOTEOK
60,Mobile Engineer,CloudWalk,ğŸ’° $90k - $120k,Cet,2021-12-01T12:00:04+00:00,https://remoteok.com//l/107479,https://remoteok.com,REMOTEOK
61,GID Guardian,GetInData,ğŸ’° $120k - $200k,ğŸ‡ªğŸ‡º EU,2021-12-01T10:00:05+00:00,https://remoteok.com//l/107478,https://remoteok.com,REMOTEOK
62,Marketing Operations Manager,Ionic,ğŸ’° $100k - $200k,"Americas, Europe",2021-12-01T09:00:03+00:00,https://remoteok.com//l/107476,https://remoteok.com,REMOTEOK
63,Lead Product Designer,Sitetracker,ğŸ’° $120k - $300k,ğŸ‡ªğŸ‡º EU,2021-12-01T06:00:06+00:00,https://remoteok.com//l/107474,https://remoteok.com,REMOTEOK
64,Senior Backend Developer,Lufthansa Innovation Hub,ğŸ’° $100k - $200k,Americas,2021-11-24T20:25:47+00:00,https://remoteok.com//l/105486,https://remoteok.com,REMOTEOK
65,Senior Frontend Engineer,Carted,ğŸ’° $50k - $70k,ğŸ‡ºğŸ‡¸ US,2021-11-24T00:20:14+00:00,https://remoteok.com//l/106825,https://remoteok.com,REMOTEOK
66,Machine Learning Engineer,Carted,ğŸ’° $50k - $70k,ğŸŒ Worldwide,2021-11-24T00:19:22+00:00,https://remoteok.com//l/106824,https://remoteok.com,REMOTEOK
67,Software Engineer,LoanCrate,ğŸ’° $60k - $100k,"Usa, Uk",2021-11-23T00:00:25+00:00,https://remoteok.com//l/106188,https://remoteok.com,REMOTEOK
68,Senior Software Engineer Go,Carted,ğŸ’° $70k - $130k,ğŸŒ Worldwide,2021-11-23T00:00:07+00:00,https://remoteok.com//l/104105,https://remoteok.com,REMOTEOK
69,Node JavaScript Developer,Flyp,ğŸ’° $60k - $100k,"Redwood City, CA (Open to Remote)",2021-11-22T20:38:15+00:00,https://remoteok.com//l/106378,https://remoteok.com,REMOTEOK
