Posicion,Empresa,Salario,Ubicacion,Fecha de publicacion,URL de la vacante,Home URL,Nombre del Sitio
Internal Tools Engineer,NOCD,💰 $80k - $150k,🇺🇸 US,2021-12-03T18:09:26+00:00,https://remoteok.com//l/107536,https://remoteok.com,REMOTEOK
Data Scientist Marketing,Figma,💰 $60k - $100k*,San Francisco or New York or Remote US,2021-12-01T17:38:07+00:00,https://remoteok.com//l/107477,https://remoteok.com,REMOTEOK
Senior API Engineer,Colabra,💰 $60k - $120k,🌏 Worldwide,2021-11-29T16:59:58+00:00,https://remoteok.com//l/107437,https://remoteok.com,REMOTEOK
Cloud Consultant,Amazon Web Services,💰 $120k - $200k,🇺🇸 US,2021-11-20T12:16:12+00:00,https://remoteok.com//l/107279,https://remoteok.com,REMOTEOK
Executive Assistant India,SpaceX,💰 $55k - $75k*,Remote in Mumbai,2021-11-19T16:08:52+00:00,https://remoteok.com//l/107282,https://remoteok.com,REMOTEOK
Counsel Employment & Litigation,Blockchain.com,💰 $40k - $70k*,"Sf/miami, Remote",2021-11-16T18:32:19+00:00,https://remoteok.com//l/107190,https://remoteok.com,REMOTEOK
Instructional Designer,Peloton,💰 $38k - $173k*,"Plano, Texas, United States",2021-11-15T19:15:59+00:00,https://remoteok.com//l/107212,https://remoteok.com,REMOTEOK
Lead Backend Developer,OperateBeyond,💰 $70k - $150k,🌏 Worldwide,2021-11-12T17:11:24+00:00,https://remoteok.com//l/107188,https://remoteok.com,REMOTEOK
Engineering Manager Compute Segment,Twilio,💰 $140k - $210k,"San Francisco, California, United States",2021-11-10T19:32:37+00:00,https://remoteok.com//l/107121,https://remoteok.com,REMOTEOK
Senior Data Analyst,Komoot,💰 $60k - $100k*,"Europe, Africa",2021-11-09T09:08:15+00:00,https://remoteok.com//l/107049,https://remoteok.com,REMOTEOK
Engineering Manager,Nebulab,💰 $70k - $100k*,🌏 Worldwide,2021-12-05T00:00:22+00:00,https://remoteok.com//l/106409,https://remoteok.com,REMOTEOK
Ruby on Rails Engineer,Nebulab,💰 $60k - $120k*,🌏 Worldwide,2021-11-18T00:00:22+00:00,https://remoteok.com//l/106048,https://remoteok.com,REMOTEOK
Senior Software Engineer,Duet,💰 $100k - $180k,🌏 Worldwide,2021-12-06T00:00:10+00:00,https://remoteok.com//l/104454,https://remoteok.com,REMOTEOK
Senior Frontend Engineer,Iterative,💰 $60k - $103k*,🌏 Worldwide,2021-11-07T21:27:00+00:00,https://remoteok.com//l/102909,https://remoteok.com,REMOTEOK
Senior Systems Engineer,Iterative,💰 $100k - $200k,🌏 Worldwide,2021-11-07T21:27:20+00:00,https://remoteok.com//l/99244,https://remoteok.com,REMOTEOK
React Native Developer,BuddyBoss,💰 $20k - $30k,🌏 Worldwide,2021-12-06T15:43:43+00:00,https://remoteok.com//l/107587,https://remoteok.com,REMOTEOK
Sales Development Representative,Prospect,💰 $80k - $80k,🌏 Worldwide,2021-12-06T13:54:20+00:00,https://remoteok.com//l/107584,https://remoteok.com,REMOTEOK
Senior Cloud Infrastructure Engineer,Silverfin,💰 $80k - $130k,🌏 Worldwide,2021-12-06T13:18:07+00:00,https://remoteok.com//l/107583,https://remoteok.com,REMOTEOK
Full Stack Engineer,Real Vision,💰 $120k - $150k,"Usa, Uk",2021-12-06T00:00:22+00:00,https://remoteok.com//l/105894,https://remoteok.com,REMOTEOK
Full Stack Web Developer,SOCi,💰 $70k - $110k,🌏 Worldwide,2021-12-05T00:00:17+00:00,https://remoteok.com//l/106401,https://remoteok.com,REMOTEOK
Autonomous Vehicle System Test Specialist,Argo AI,💰 $60k - $95k*,"Dearborn, Michigan, United States",2021-12-06T15:15:06+00:00,https://remoteok.com//l/107585,https://remoteok.com,REMOTEOK
Senior Software Quality Assurance Engineer Billing,AppDirect,💰 $60k - $110k*,"Pune, Maharashtra, India",2021-12-06T12:30:06+00:00,https://remoteok.com//l/107581,https://remoteok.com,REMOTEOK
Regional Manager Oncology Women's Health Northeast NJ,Invitae,💰 $85k - $130k*,"Jersey City, New Jersey, United States",2021-12-06T11:50:05+00:00,https://remoteok.com//l/107580,https://remoteok.com,REMOTEOK
Business Development Representative Boston,Snackpass,💰 $60k - $85k*,"Boston, Massachusetts, United States",2021-12-05T21:30:05+00:00,https://remoteok.com//l/107577,https://remoteok.com,REMOTEOK
Freelance Copywriter US Market,Spotzer Digital,💰 $50k - $110k*,Amsterdam,2021-12-05T17:40:07+00:00,https://remoteok.com//l/107575,https://remoteok.com,REMOTEOK
Android Engineer,Trucksters,💰 $60k - $115k*,Galicia,2021-12-05T17:40:06+00:00,https://remoteok.com//l/107574,https://remoteok.com,REMOTEOK
Enterprise Account Executive Southeast US,Handshake,💰 $70k - $100k*,"Atlanta, Georgia, United States",2021-12-05T07:15:05+00:00,https://remoteok.com//l/107573,https://remoteok.com,REMOTEOK
Cloud Systems Consultant,Avtex,💰 $75k - $110k*,"Toronto, Ontario, Canada",2021-12-05T05:15:04+00:00,https://remoteok.com//l/107572,https://remoteok.com,REMOTEOK
Principal Product Manager,Homebase,💰 $70k - $120k*,"Calgary, Alberta, Canada",2021-12-05T00:15:10+00:00,https://remoteok.com//l/107571,https://remoteok.com,REMOTEOK
Senior Software Engineer Data Exchange,Symend,💰 $70k - $120k*,"Toronto, Ontario, Canada",2021-12-05T00:15:09+00:00,https://remoteok.com//l/107570,https://remoteok.com,REMOTEOK
Principal Security Engineer,RECUR,💰 $80k - $130k*,🌏 Worldwide,2021-12-05T00:15:07+00:00,https://remoteok.com//l/107569,https://remoteok.com,REMOTEOK
Senior Web Designer,Toptal,💰 $50k - $300k,🌏 Worldwide,2021-12-04T18:36:40+00:00,https://remoteok.com//l/107567,https://remoteok.com,REMOTEOK
Senior UX Designer,Toptal,💰 $50k - $300k,🌏 Worldwide,2021-12-04T18:32:27+00:00,https://remoteok.com//l/107566,https://remoteok.com,REMOTEOK
Senior Flutter Developer,Toptal,💰 $50k - $300k,🌏 Worldwide,2021-12-04T18:29:21+00:00,https://remoteok.com//l/107565,https://remoteok.com,REMOTEOK
Senior Python Developer,Toptal,💰 $50k - $300k,🌏 Worldwide,2021-12-04T18:25:45+00:00,https://remoteok.com//l/107564,https://remoteok.com,REMOTEOK
Senior Node. JS Developer,Toptal,💰 $50k - $300k,🌏 Worldwide,2021-12-04T18:22:23+00:00,https://remoteok.com//l/107563,https://remoteok.com,REMOTEOK
Senior Go Developer,Toptal,💰 $50k - $300k,🌏 Worldwide,2021-12-04T18:05:32+00:00,https://remoteok.com//l/107560,https://remoteok.com,REMOTEOK
Senior Quality Assurance Engineer,Toptal,💰 $50k - $300k,🌏 Worldwide,2021-12-04T17:59:16+00:00,https://remoteok.com//l/107559,https://remoteok.com,REMOTEOK
Senior Ruby On Rails Developer,Toptal,💰 $50k - $300k,🌏 Worldwide,2021-12-04T17:55:33+00:00,https://remoteok.com//l/107558,https://remoteok.com,REMOTEOK
Senior Android Developer,Toptal,💰 $50k - $300k,🌏 Worldwide,2021-12-04T17:53:15+00:00,https://remoteok.com//l/107557,https://remoteok.com,REMOTEOK
Senior React Native Developer,Toptal,💰 $50k - $300k,🌏 Worldwide,2021-12-04T17:50:41+00:00,https://remoteok.com//l/107556,https://remoteok.com,REMOTEOK
Digital Product Designer,Toptal,💰 $50k - $300k,🌏 Worldwide,2021-12-04T17:46:06+00:00,https://remoteok.com//l/107555,https://remoteok.com,REMOTEOK
Senior React Developer,Toptal,💰 $50k - $300k,Europe/asia,2021-12-04T17:42:33+00:00,https://remoteok.com//l/107554,https://remoteok.com,REMOTEOK
Lead Mobile Engineer,Fonos,💰 $50k - $80k,🌏 Worldwide,2021-12-04T06:08:11+00:00,https://remoteok.com//l/107551,https://remoteok.com,REMOTEOK
Producer,Clevertech,💰 $40k - $70k,🌏 Worldwide,2021-12-03T22:29:38+00:00,https://remoteok.com//l/107543,https://remoteok.com,REMOTEOK
Google Ads Manager,Clevertech,💰 $40k - $60k,🌏 Worldwide,2021-12-03T22:25:46+00:00,https://remoteok.com//l/107542,https://remoteok.com,REMOTEOK
Culture Development Specialist,Clevertech,💰 $40k - $70k,Utc-3 -- Uct+3,2021-12-03T22:21:05+00:00,https://remoteok.com//l/107541,https://remoteok.com,REMOTEOK
Senior Software Engineer Web Application,Athenian,💰 $60k - $80k,🇪🇺 EU,2021-12-03T17:06:18+00:00,https://remoteok.com//l/107534,https://remoteok.com,REMOTEOK
Full Stack Typescript Senior Developer,Botmind,💰 $50k - $60k,🌏 Worldwide,2021-12-03T14:16:05+00:00,https://remoteok.com//l/107531,https://remoteok.com,REMOTEOK
Head of Professional Services US Timezone,Improvado,💰 $80k - $160k,🇺🇸 US,2021-12-03T09:01:38+00:00,https://remoteok.com//l/107529,https://remoteok.com,REMOTEOK
Work From Home Customer Support,Omni Interactions,💰 $20k - $30k,The Americas,2021-12-03T00:00:13+00:00,https://remoteok.com//l/104383,https://remoteok.com,REMOTEOK
Software Engineer Backend,bit.io,💰 $110k - $170k,United Kingdom,2021-12-02T00:24:54+00:00,https://remoteok.com//l/106961,https://remoteok.com,REMOTEOK
Senior Full Stack Developer,Virti,💰 $80k - $130k,"Toronto, Ontario, Canada",2021-11-29T10:11:14+00:00,https://remoteok.com//l/106882,https://remoteok.com,REMOTEOK
Senior Product Designer,Homebase,💰 $48k - $83k*,Mississauga,2021-12-04T18:15:06+00:00,https://remoteok.com//l/107562,https://remoteok.com,REMOTEOK
Junior Field Service Technician Mississauga Ontario,Bizerba North America,💰 $25k - $45k*,"Los Angeles, California, United States",2021-12-04T18:15:05+00:00,https://remoteok.com//l/107561,https://remoteok.com,REMOTEOK
Sales Operations Coordinator,Whip Media,💰 $45k - $70k*,"Warren, Michigan, United States",2021-12-04T11:40:05+00:00,https://remoteok.com//l/107552,https://remoteok.com,REMOTEOK
Senior Software Engineer Front End,Ad Hoc Team,💰 $60k - $110k*,"Toronto, Ontario, Canada",2021-12-04T03:50:04+00:00,https://remoteok.com//l/107550,https://remoteok.com,REMOTEOK
Product Security Engineer,MaxMind,💰 $70k - $130k*,Berlin,2021-12-04T01:15:04+00:00,https://remoteok.com//l/107548,https://remoteok.com,REMOTEOK
Software Engineering Manager Merchant Products,Sezzle,💰 $70k - $110k*,"Boston, Massachusetts, United States",2021-12-04T00:00:09+00:00,https://remoteok.com//l/107547,https://remoteok.com,REMOTEOK
Engineering Productivity Devop,Enfabrica,💰 $70k - $120k*,United Kingdom,2021-12-03T22:48:31+00:00,https://remoteok.com//l/107545,https://remoteok.com,REMOTEOK
UX Engineer,Pinnacle 21,💰 $60k - $120k*,🇺🇸 US,2021-12-03T21:52:55+00:00,https://remoteok.com//l/107540,https://remoteok.com,REMOTEOK
Senior Software Engineer,Security Onion Solutions,💰 $70k - $120k*,🌏 Worldwide,2021-12-03T19:15:05+00:00,https://remoteok.com//l/107539,https://remoteok.com,REMOTEOK
Site Reliability Engineer,MaxMind,💰 $70k - $120k*,🌏 Worldwide,2021-12-03T19:15:04+00:00,https://remoteok.com//l/107538,https://remoteok.com,REMOTEOK
Python Web Application Developer,Cipher Tech Solutions,💰 $60k - $110k*,🌏 Worldwide,2021-12-03T17:23:11+00:00,https://remoteok.com//l/107537,https://remoteok.com,REMOTEOK
Android Software Engineer,Oviva,💰 $60k - $110k*,🌏 Worldwide,2021-12-03T16:50:06+00:00,https://remoteok.com//l/107533,https://remoteok.com,REMOTEOK
VP People,Andela,💰 $60k - $130k*,Latin America,2021-12-03T14:55:03+00:00,https://remoteok.com//l/107532,https://remoteok.com,REMOTEOK
Data Scientist Mediaguard,HUMAN,💰 $120k - $140k,+- 4 Hours CET,2021-12-03T11:00:03+00:00,https://remoteok.com//l/107530,https://remoteok.com,REMOTEOK
Technical Architect JavaScript PHP,Blenderbox,💰 $90k - $120k,Remote (Gmt +3/-3),2021-11-27T00:00:30+00:00,https://remoteok.com//l/106115,https://remoteok.com,REMOTEOK
Senior Backend Developer,Lufthansa Innovation Hub,💰 $120k - $200k,🌏 Worldwide,2021-11-24T20:25:47+00:00,https://remoteok.com//l/105486,https://remoteok.com,REMOTEOK
Senior Frontend Engineer,Carted,💰 $100k - $200k,Cet,2021-11-24T00:20:14+00:00,https://remoteok.com//l/106825,https://remoteok.com,REMOTEOK
Machine Learning Engineer,Carted,💰 $120k - $300k,🇪🇺 EU,2021-11-24T00:19:22+00:00,https://remoteok.com//l/106824,https://remoteok.com,REMOTEOK
Software Engineer,LoanCrate,💰 $100k - $200k,"Americas, Europe",2021-11-23T00:00:25+00:00,https://remoteok.com//l/106188,https://remoteok.com,REMOTEOK
Senior Software Engineer Go,Carted,💰 $50k - $70k,🇪🇺 EU,2021-11-23T00:00:07+00:00,https://remoteok.com//l/104105,https://remoteok.com,REMOTEOK
Bot Developer,Flyp,💰 $50k - $70k,Americas,2021-11-22T20:38:15+00:00,https://remoteok.com//l/106378,https://remoteok.com,REMOTEOK
Senior Full Stack Developer Ruby React,GOhiring,💰 $60k - $100k,🇺🇸 US,2021-11-20T00:00:19+00:00,https://remoteok.com//l/106045,https://remoteok.com,REMOTEOK
Site Reliability Engineer,Checkly,💰 $70k - $130k,🌏 Worldwide,2021-11-17T00:00:12+00:00,https://remoteok.com//l/104028,https://remoteok.com,REMOTEOK
Senior React Engineer • DeFi,Rolla,💰 $60k - $100k,"Redwood City, CA (Open to Remote)",2021-11-16T11:51:13+00:00,https://remoteok.com//l/106879,https://remoteok.com,REMOTEOK
